City_ID,City,Lat,Lng,Max Temp,Humidity,Cloudiness,Wind Speed,Country,Date
0,kingston,17.997,-76.7936,30.09,74,75,5.66,JM,1732905772
1,nar'yan-mar,67.6713,53.087,-3.67,93,100,7.99,RU,1732905774
2,edinburgh of the seven seas,-37.0676,-12.3116,16.06,90,100,6.33,SH,1732905641
3,waitangi,-43.9535,-176.5597,11.01,77,97,5.81,NZ,1732905776
4,iqaluit,63.7506,-68.5145,-7.15,79,100,1.54,CA,1732905777
5,albany,42.6001,-73.9662,4.08,65,100,0.89,US,1732905778
6,uturoa,-16.7333,-151.4333,27.36,75,100,6.14,PF,1732905655
7,san patricio,28.017,-97.5169,12.97,32,100,4.74,US,1732905781
8,ati,13.2154,18.3353,23.77,18,4,4.43,TD,1732905782
9,port-aux-francais,-49.35,70.2167,4.58,81,100,4.62,TF,1732905586
10,saint-joseph,-21.3667,55.6167,24.21,79,19,4.29,RE,1732905784
11,weining,26.85,104.2333,5.44,90,100,1.22,CN,1732905785
12,inirida,3.8653,-67.9239,32.26,57,96,0.51,CO,1732905787
13,hammerfest,70.6634,23.6821,-0.75,47,40,13.38,NO,1732905788
14,road town,18.4167,-64.6167,30.02,74,40,3.09,VG,1732905789
15,papatowai,-46.5619,169.4708,9.01,67,6,2.9,NZ,1732905791
16,kavieng,-2.5744,150.7967,27.92,78,46,3.86,PG,1732905793
17,binzhou,37.3667,118.0167,5.32,50,0,3.35,CN,1732905795
18,novodvinsk,64.4165,40.8122,0.86,91,100,4.49,RU,1732905673
19,klyuchi,52.2667,79.1667,-10.47,92,11,2.14,RU,1732905797
20,praia,14.9215,-23.5087,29.3,37,0,6.17,CV,1732905798
21,qamdo,31.1667,97.2333,-7.65,36,0,1.33,CN,1732905801
22,grytviken,-54.2811,-36.5092,5.49,82,100,4.35,GS,1732905657
23,longyearbyen,78.2186,15.6401,-10.09,57,75,7.2,SJ,1732905616
24,port mathurin,-19.6833,63.4167,24.54,70,0,8.67,MU,1732905804
25,ust'-ilimsk,58.0006,102.6619,-26.89,100,79,0.97,RU,1732905805
26,alofi,-19.0595,-169.9187,24.94,88,75,5.14,NU,1732905807
27,olonkinbyen,70.9221,-8.7187,-7.0,58,40,8.31,SJ,1732905808
28,yaren,-0.5472,166.916,27.61,78,22,6.18,NR,1732905809
29,utrik,11.2278,169.8474,28.11,73,95,10.48,MH,1732905810
30,qaqortoq,60.7167,-46.0333,-12.26,69,5,2.59,GL,1732905592
31,bengkulu,-3.8004,102.2655,24.99,89,100,1.6,ID,1732905812
32,bilibino,68.0546,166.4372,-21.04,97,5,2.28,RU,1732905814
33,carutapera,-1.195,-46.02,29.36,61,94,4.46,BR,1732905815
34,blackmans bay,-43.0167,147.3167,13.18,81,98,2.47,AU,1732905816
35,wailua homesteads,22.0669,-159.378,18.44,100,0,2.57,US,1732905817
36,dudinka,69.4058,86.1778,-17.84,95,100,3.79,RU,1732905819
37,tiksi,71.6872,128.8694,-20.74,99,69,2.44,RU,1732905820
38,puerto natales,-51.7236,-72.4875,16.25,41,40,14.92,CL,1732905822
39,iskateley,67.6803,53.1512,-3.67,93,100,8.01,RU,1732905612
40,bredasdorp,-34.5322,20.0403,17.65,74,7,2.99,ZA,1732905824
41,dryden,49.7833,-92.7503,-9.84,79,100,6.17,CA,1732905825
42,ushuaia,-54.8,-68.3,10.81,54,40,14.4,AR,1732905670
43,polyarnyy,69.1989,33.4478,-2.16,74,10,11.52,RU,1732905830
44,puerto ayora,-0.7393,-90.3518,22.53,87,36,4.02,EC,1732905626
45,arno,60.1167,18.6333,3.69,93,100,5.58,SE,1732905834
46,luena,-11.7833,19.9167,17.91,91,12,1.17,AO,1732905835
47,bethel,41.3712,-73.414,6.61,65,40,2.06,US,1732905659
48,alamogordo,32.8995,-105.9603,12.81,59,0,2.06,US,1732905837
49,newman,37.3138,-121.0208,10.03,51,100,1.71,US,1732905839
50,cushing,35.9851,-96.767,9.06,42,0,3.6,US,1732905840
51,yellowknife,62.456,-114.3525,-22.55,96,75,1.54,CA,1732905660
52,arteche,12.2645,125.4048,26.2,90,100,5.03,PH,1732905842
53,enewetak,11.3474,162.3373,28.12,78,100,10.14,MH,1732905843
54,arkhangel'sk,64.5401,40.5433,1.06,100,100,5.0,RU,1732905844
55,remire-montjoly,4.9167,-52.2667,25.02,94,75,6.69,GF,1732905846
56,college,64.8569,-147.8028,-29.03,55,75,0.0,US,1732905847
57,an nuhud,12.7,28.4333,18.59,21,6,7.01,SD,1732905848
58,lebu,-37.6167,-73.65,15.7,65,5,6.82,CL,1732905849
59,kruisfontein,-34.0033,24.7314,15.51,74,74,3.62,ZA,1732905705
60,crane,31.3974,-102.3501,10.11,23,100,4.28,US,1732905851
61,vadso,70.0744,29.7487,-0.91,74,40,20.58,NO,1732905853
62,anadyr,64.75,177.4833,-0.72,74,75,5.0,RU,1732905699
63,birao,10.2849,22.7882,22.38,25,10,2.67,CF,1732905855
64,haiku-pauwela,20.9219,-156.3051,23.45,78,20,5.36,US,1732905856
65,hamilton,39.1834,-84.5333,1.69,62,100,6.17,US,1732905857
66,antsiranana,-12.2787,49.2917,25.97,75,100,4.07,MG,1732905859
67,tazovsky,67.4667,78.7,-12.68,94,100,4.23,RU,1732905860
68,thunder bay,48.4001,-89.3168,-4.01,63,75,7.72,CA,1732905861
69,ola,59.5833,151.2833,-8.26,79,17,6.75,RU,1732905862
70,margaret river,-33.95,115.0667,18.21,45,0,3.7,AU,1732905863
71,adamstown,-25.066,-130.1015,22.65,81,100,7.51,PN,1732905864
72,wamba,8.9333,8.6,24.43,32,1,0.82,NG,1732905866
73,ilulissat,69.2167,-51.1,-6.99,73,75,5.66,GL,1732905645
74,miastko,54.0028,16.9826,1.9,92,21,1.61,PL,1732905868
75,cidreira,-30.1811,-50.2056,21.98,87,96,4.91,BR,1732905869
76,midvagur,62.0511,-7.1939,8.46,81,75,2.06,FO,1732905870
77,narasannapeta,18.4167,84.05,21.21,87,87,2.39,IN,1732905871
78,kodiak,57.79,-152.4072,-2.27,69,75,5.14,US,1732905649
79,zag,46.9441,99.165,-18.91,81,1,1.63,MN,1732905874
80,thinadhoo,0.5333,72.9333,26.94,82,100,11.54,MV,1732905875
81,touros,-5.1989,-35.4608,28.05,65,22,7.15,BR,1732905876
82,saipan,15.1355,145.701,28.39,87,40,4.63,MP,1732905877
83,petropavlovsk-kamchatsky,53.0452,158.6483,-2.67,93,75,2.0,RU,1732905677
84,kawambwa,-9.7915,29.0791,18.31,95,100,0.35,ZM,1732905880
85,shaowu,27.3409,117.4831,5.81,63,0,0.34,CN,1732905881
86,bloomfield,40.8068,-74.1854,7.83,56,100,6.17,US,1732905882
87,avarua,-21.2078,-159.775,26.03,83,75,2.57,CK,1732905883
88,maceio,-9.6658,-35.7353,30.69,54,20,7.2,BR,1732905885
89,port elizabeth,-33.918,25.5701,18.51,81,0,4.12,ZA,1732905627
90,poronaysk,49.2167,143.1167,-2.53,92,100,3.59,RU,1732905888
91,tindouf,27.6711,-8.1474,24.25,16,0,2.06,DZ,1732905889
92,georgetown,5.4112,100.3354,25.96,83,20,1.54,MY,1732905890
93,jangipur,24.4667,88.0667,18.93,54,0,3.22,IN,1732905892
94,colonia,50.9333,6.95,4.42,80,0,3.6,DE,1732905893
95,udachny,66.4167,112.4,-21.12,94,100,6.25,RU,1732905894
96,katabu,-4.9333,122.5167,24.85,94,99,0.48,ID,1732905895
97,invercargill,-46.4,168.35,7.79,93,8,1.62,NZ,1732905679
98,wonosobo,-7.36,109.9025,19.93,100,100,0.94,ID,1732905900
99,kapa'a,22.0752,-159.319,19.18,100,0,2.57,US,1732905906
100,lloydminster,53.2835,-110.0016,-21.88,84,100,2.06,CA,1732905909
101,bom jesus,-9.0744,-44.3586,38.01,22,84,2.66,BR,1732905910
102,cabo san lucas,22.8909,-109.9124,26.17,61,20,2.68,MX,1732905581
103,atafu village,-8.5421,-172.5159,28.35,71,12,6.42,TK,1732905912
104,cannonvale,-20.2833,148.7,25.66,89,100,1.86,AU,1732905913
105,northport,33.229,-87.5772,8.5,52,0,5.14,US,1732905914
106,capitao poco,-1.7464,-47.0594,38.19,21,100,4.64,BR,1732905916
107,belozersk,60.0326,37.7957,1.4,91,100,6.63,RU,1732905917
108,mount isa,-20.7333,139.5,19.87,94,0,0.0,AU,1732905918
109,naze,28.3667,129.4833,16.51,66,100,5.97,JP,1732905919
110,brisas de zicatela,15.8369,-97.0419,30.29,70,0,3.09,MX,1732905920
111,tura,25.5198,90.2201,16.11,66,1,1.49,IN,1732905921
112,nadi,-17.8,177.4167,23.0,88,75,0.0,FJ,1732905923
113,chaman,30.9236,66.4512,16.51,43,100,2.19,PK,1732905924
114,saint-pierre,-21.3393,55.4781,24.82,57,0,2.57,RE,1732905925
115,acapulco de juarez,16.8634,-99.8901,29.9,66,0,2.06,MX,1732905645
116,elkins,38.9259,-79.8467,-1.62,86,100,6.17,US,1732905927
117,sault ste. marie,46.5168,-84.3333,-0.84,93,100,3.6,CA,1732905929
118,ta`u,-14.2336,-169.5144,26.98,79,100,4.37,AS,1732905930
119,strezhevoy,60.7333,77.5889,-9.32,93,31,3.31,RU,1732905931
120,puerto baquerizo moreno,-0.9,-89.6,26.55,57,40,5.14,EC,1732905932
121,san fernando de apure,7.8878,-67.4724,34.36,44,10,2.69,VE,1732905933
122,rawson,-43.3002,-65.1023,21.16,43,20,4.63,AR,1732905934
123,igarka,67.4667,86.5833,-21.61,100,99,1.72,RU,1732905937
124,plastun,44.7561,136.2939,-6.39,55,3,5.49,RU,1732905938
125,isafjordur,66.0755,-23.124,-9.98,79,20,0.0,IS,1732905939
126,amga,60.8953,131.9608,-16.21,96,100,0.89,RU,1732905940
127,pyrgos,37.6751,21.441,17.22,82,100,4.03,GR,1732905942
128,boende,-0.2167,20.8667,24.64,81,100,0.91,CD,1732905943
129,chabahar,25.2919,60.643,26.79,63,0,6.48,IR,1732905944
130,hawaiian paradise park,19.5933,-154.9731,22.16,97,100,1.54,US,1732905945
131,pimentel,-6.8367,-79.9342,25.16,61,0,7.2,PE,1732905947
132,itoman,26.1247,127.6694,18.21,59,99,6.17,JP,1732905622
133,fort bragg,35.139,-79.006,12.85,46,0,3.09,US,1732905652
134,cockburn town,21.4612,-71.1419,27.98,94,40,2.57,TC,1732905951
135,goianesia,-15.3175,-49.1175,27.88,67,100,2.11,BR,1732905952
136,leeton,-34.5667,146.4,19.49,95,100,4.3,AU,1732905953
137,kapuskasing,49.4169,-82.4331,-2.95,93,100,4.63,CA,1732905703
138,nguigmi,14.2495,13.1092,20.81,24,0,5.66,NE,1732905955
139,argo,37.6333,22.7333,14.05,79,47,1.17,GR,1732905957
140,rapid valley,44.0625,-103.1463,-3.65,79,20,3.09,US,1732905958
141,afaahiti,-17.75,-149.2833,25.89,81,76,6.93,PF,1732905959
142,punta arenas,-53.15,-70.9167,12.06,58,75,12.86,CL,1732905666
143,arraial do cabo,-22.9661,-42.0278,24.98,94,75,5.66,BR,1732905961
144,ol kalou,-0.2658,36.379,12.55,95,96,1.92,KE,1732905962
145,piacabucu,-10.4056,-36.4344,28.22,61,18,5.53,BR,1732905964
146,belmonte,-15.8631,-38.8828,27.66,75,100,6.02,BR,1732905965
147,furukawa,38.5717,140.9556,4.04,88,97,2.89,JP,1732905966
148,turpan,42.9333,89.1667,-1.65,60,0,0.48,CN,1732905967
149,ust-nera,64.5667,143.2,-24.88,93,13,0.59,RU,1732905968
150,northam,51.0333,-4.2167,12.01,96,100,7.81,GB,1732905970
151,jamestown,42.097,-79.2353,-0.55,88,100,6.69,US,1732905676
152,el rosario,24.2556,-107.1828,29.18,31,99,2.83,MX,1732905972
153,kayangel,8.0823,134.7173,28.51,76,44,3.8,PW,1732905973
154,tolanaro,-25.0319,46.9987,22.04,88,75,2.57,MG,1732905974
155,altamira,-3.2033,-52.2064,34.05,52,75,3.6,BR,1732905975
156,hithadhoo,-0.6,73.0833,27.41,82,17,11.9,MV,1732905977
157,lihue,21.9789,-159.3672,18.77,100,0,2.57,US,1732905768
158,whitehorse,60.7161,-135.0538,-19.57,76,100,4.12,CA,1732905671
159,west island,-12.1568,96.8225,26.99,94,20,3.6,CC,1732905980
160,fort mcmurray,56.7268,-111.381,-23.27,77,100,2.06,CA,1732905981
161,new norfolk,-42.7826,147.0587,13.84,88,100,0.49,AU,1732905983
162,margate,51.3813,1.3862,7.05,76,10,1.34,GB,1732905985
163,masterton,-40.9597,175.6575,11.15,89,100,0.71,NZ,1732905986
164,suva,-18.1416,178.4415,22.71,100,75,3.09,FJ,1732905987
165,hermanus,-34.4187,19.2345,18.78,71,12,4.35,ZA,1732905637
166,mamuju,-2.6748,118.8885,26.44,87,90,1.5,ID,1732905989
167,ravar,31.2656,56.8055,10.45,26,0,3.31,IR,1732905990
168,hasaki,35.7333,140.8333,11.06,56,0,5.46,JP,1732905992
169,fortuna,40.5982,-124.1573,8.88,100,0,2.57,US,1732905993
170,colonel hill,22.7667,-74.2167,26.81,79,2,3.55,BS,1732905994
171,abepura,-2.6333,140.5833,25.45,89,20,0.51,ID,1732905995
172,majene,-3.5403,118.9707,25.81,83,100,2.09,ID,1732905996
173,san joaquin,37.9333,-121.3011,11.31,83,93,1.58,US,1732905998
174,yorkton,51.2167,-102.4677,-22.09,84,75,3.09,CA,1732905999
175,chibougamau,49.9168,-74.3659,-3.21,74,100,4.12,CA,1732906000
176,codrington,-38.2667,141.9667,16.5,98,100,3.79,AU,1732906001
177,salym,60.0625,71.4789,-1.78,96,100,2.21,RU,1732906002
178,campoalegre,2.6849,-75.3231,30.39,67,8,0.78,CO,1732906003
179,vorgashor,67.5833,63.95,-5.59,88,100,6.72,RU,1732905704
180,changleng,28.7,115.8167,10.51,44,0,1.02,CN,1732906006
181,camlidere,40.4896,32.475,-2.47,94,46,0.28,TR,1732906007
182,sima,53.9202,102.0442,-11.43,98,96,0.44,RU,1732906008
183,tralee,52.2704,-9.7026,12.12,96,89,2.96,IE,1732906009
184,talnakh,69.4865,88.3972,-20.15,99,100,3.88,RU,1732906010
185,at taj,24.2049,23.2857,13.69,45,78,2.89,LY,1732906012
186,sao jose da coroa grande,-8.8978,-35.1478,27.59,62,26,5.1,BR,1732906013
187,khovd,48.0056,91.6419,-12.85,73,18,0.74,MN,1732906014
188,valparaiso,-33.0393,-71.6273,20.8,49,0,6.69,CL,1732906015
189,qui nhon,13.7667,109.2333,22.08,84,100,6.17,VN,1732906016
190,goundam,16.4145,-3.6708,24.47,13,0,4.83,ML,1732906017
191,sitka,57.0531,-135.33,-2.06,50,40,4.63,US,1732906019
192,richards bay,-28.783,32.0377,20.88,64,56,5.15,ZA,1732906020
193,south upi,6.8333,124.15,22.95,89,100,1.28,PH,1732906021
194,happy valley-goose bay,53.3168,-60.3315,0.17,93,100,5.14,CA,1732906022
195,gadzhiyevo,69.2551,33.3362,-2.41,75,8,11.74,RU,1732905698
196,alotau,-10.3069,150.4462,25.56,94,100,1.59,PG,1732906026
197,ribeira grande,38.5167,-28.7,17.22,67,40,9.77,PT,1732905644
198,tosontsengel,48.7567,98.2839,-19.26,93,6,0.78,MN,1732906028
199,kakching,24.4833,93.9833,13.18,96,91,0.26,IN,1732906029
200,edgewater,28.9889,-80.9023,19.45,82,100,5.14,US,1732906031
201,tsumeb,-19.2333,17.7167,28.74,11,100,6.08,NA,1732906032
202,turinsk,58.0458,63.696,-2.33,98,100,1.59,RU,1732906033
203,lompoc,34.6391,-120.4579,16.74,61,0,3.6,US,1732906034
204,aasiaat,68.7098,-52.8699,-12.19,81,83,2.39,GL,1732906035
205,kavaratti,10.5669,72.642,27.85,62,100,6.75,IN,1732906036
206,san angelo,31.4638,-100.437,11.34,37,100,1.79,US,1732906038
207,socorro,31.6546,-106.3033,11.55,43,100,5.14,US,1732906039
208,greymouth,-42.4667,171.2,12.66,77,2,1.76,NZ,1732906040
209,acarau,-2.8856,-40.12,28.78,62,100,8.4,BR,1732905654
210,mahibadhoo,3.7833,72.9667,28.29,71,100,8.96,MV,1732906042
211,keflavik,64.0049,-22.5624,-3.76,58,0,6.17,IS,1732906043
212,suances,43.4334,-4.0434,13.95,74,0,0.51,ES,1732906045
213,saint-philippe,-21.3585,55.7679,24.5,84,41,6.83,RE,1732906047
214,zhezqazghan,47.7833,67.7667,1.94,90,100,2.42,KZ,1732906049
215,susuman,62.7833,148.1667,-25.14,99,83,0.32,RU,1732906051
216,st. john's,47.5649,-52.7093,5.64,96,100,12.86,CA,1732906010
217,qarazhal,48.0078,70.7903,1.54,94,100,1.55,KZ,1732906053
218,kremenchuk,49.0973,33.4197,-0.11,72,100,2.35,UA,1732906054
219,toccoa,34.5773,-83.3324,10.77,44,0,4.63,US,1732906055
220,axim,4.8699,-2.2405,26.92,77,0,4.1,GH,1732906056
221,pangoa,-12.1167,-73.0,25.75,79,100,0.63,PE,1732906058
222,selfoss,63.9331,-20.9971,-4.98,38,100,4.81,IS,1732906059
223,mahina,-17.5065,-149.489,28.87,70,40,2.57,PF,1732906060
224,zuromin,53.0661,19.9089,4.12,81,100,2.56,PL,1732906061
225,sisimiut,66.9395,-53.6735,-7.61,83,99,3.26,GL,1732906062
226,villa canas,-34.0057,-61.6076,28.3,10,60,2.83,AR,1732906064
227,olinda,-8.0089,-34.8553,28.85,61,40,5.66,BR,1732906065
228,stanley,54.868,-1.6985,6.01,87,0,2.06,GB,1732906066
229,ponta delgada,37.7333,-25.6667,19.4,82,40,8.75,PT,1732906067
230,tobarra,38.5921,-1.6919,15.6,52,56,4.61,ES,1732906068
231,port alfred,-33.5906,26.891,18.43,77,17,0.89,ZA,1732906070
232,kununurra,-15.7667,128.7333,25.99,94,99,0.0,AU,1732906072
233,saldanha,-33.0117,17.9442,21.03,86,5,8.62,ZA,1732906074
234,cabugao,17.7931,120.4578,23.52,81,100,2.21,PH,1732906075
235,mlimba,-8.8,35.8167,28.97,54,87,1.07,TZ,1732906076
236,thompson,55.7435,-97.8558,-14.91,85,100,2.06,CA,1732906077
237,howard springs,-12.497,131.047,25.95,95,100,1.78,AU,1732906079
238,juan griego,11.0817,-63.9655,30.77,63,54,6.6,VE,1732906080
239,belle fourche,44.6714,-103.8522,-3.29,73,100,3.39,US,1732906083
240,palikir - national government center,6.9248,158.1611,27.41,83,100,1.54,FM,1732906085
241,prince rupert,54.3161,-130.3201,4.83,70,100,5.14,CA,1732906089
242,taoudenni,22.6783,-3.9836,22.94,17,100,5.73,ML,1732906090
243,crossett,33.1282,-91.9612,9.97,31,0,3.72,US,1732906091
244,portland,45.5234,-122.6762,5.34,87,100,1.54,US,1732905592
245,luwuk,-0.9516,122.7875,23.84,89,92,0.94,ID,1732906094
246,nelson bay,-32.7167,152.15,21.73,98,100,6.26,AU,1732906095
247,dong ha,16.8163,107.1003,18.9,86,99,0.89,VN,1732906096
248,coahuayana de hidalgo,18.7,-103.6583,30.45,62,24,3.29,MX,1732906097
249,constantia,44.1833,28.65,6.5,75,99,4.16,RO,1732905697
250,salekhard,66.53,66.6019,-6.72,93,100,4.86,RU,1732906100
251,alice springs,-23.7,133.8833,23.75,50,100,2.57,AU,1732906101
252,maamba,-17.3667,27.15,26.73,58,47,2.19,ZM,1732906102
253,benguela,-12.5763,13.4055,25.45,78,90,0.94,AO,1732906103
254,christchurch,-43.5333,172.6333,13.11,72,100,1.54,NZ,1732905855
255,quellon,-43.1167,-73.6167,13.5,67,6,4.85,CL,1732906106
256,chamical,-30.36,-66.314,19.74,73,100,3.7,AR,1732906108
257,badger,64.8,-147.5333,-29.07,75,0,0.0,US,1732906109
258,atherton,53.5237,-2.4935,9.08,81,100,4.02,GB,1732906110
259,fale old settlement,-9.3852,-171.2468,27.63,76,75,7.01,TK,1732906112
260,svetlyy yar,48.4748,44.781,0.02,75,19,2.82,RU,1732906113
261,mordovo,52.0834,40.77,-1.21,93,100,2.23,RU,1732906114
262,geraldton,-28.7667,114.6,23.23,78,100,3.09,AU,1732905678
263,tonj,7.2737,28.6822,25.52,31,8,1.68,SS,1732906116
264,praia da vitoria,38.7333,-27.0667,17.14,82,40,8.3,PT,1732906117
265,norilsk,69.3535,88.2027,-18.92,99,100,2.91,RU,1732906119
266,khandyga,62.6667,135.6,-21.51,99,100,0.87,RU,1732906120
267,ananyiv,47.7201,29.9664,4.53,80,100,5.15,UA,1732906121
268,doma,8.3833,8.35,26.8,28,0,2.18,NG,1732906122
269,ndele,8.4109,20.6473,24.73,28,87,2.03,CF,1732906123
270,hilo,19.7297,-155.09,22.28,93,100,1.54,US,1732905963
271,puerto princesa,9.7392,118.7353,27.99,83,100,6.17,PH,1732906126
272,ciudad guayana,8.3533,-62.6528,33.17,45,96,2.09,VE,1732906127
273,bandar lampung,-5.4254,105.258,24.66,90,100,0.87,ID,1732906128
274,carnarvon,-24.8667,113.6333,25.19,70,100,2.91,AU,1732906129
275,san antonio de pale,-1.4014,5.6325,26.81,82,28,4.91,GQ,1732905668
276,ormara,25.2088,64.6357,26.4,72,0,3.98,PK,1732906131
277,severo-yeniseyskiy,60.3725,93.0408,-21.51,100,100,0.25,RU,1732906133
278,menaka,15.9182,2.4022,23.36,15,0,4.69,ML,1732906134
279,manggar,-2.8833,108.2667,25.08,87,100,4.39,ID,1732906136
280,vershino-darasunskiy,52.35,115.5167,-20.6,90,11,1.6,RU,1732906137
281,mejit,10.2753,170.8646,27.45,79,100,11.17,MH,1732906139
282,sao joao da barra,-21.6403,-41.0511,33.05,85,66,5.78,BR,1732906140
283,kingscliff,-28.2667,153.5667,23.89,94,100,6.69,AU,1732906141
284,vytegra,61.0064,36.4481,2.9,84,100,6.73,RU,1732906142
285,bikenibeu village,1.3673,173.1241,27.98,78,20,4.63,KI,1732906143
286,trinity beach,-16.7888,145.6968,25.94,89,100,1.03,AU,1732906145
287,san luis de la loma,17.2706,-100.8939,28.98,66,53,1.96,MX,1732906147
288,weslaco,26.1595,-97.9908,15.03,40,100,5.66,US,1732906148
289,sterlibashevo,53.4376,55.2578,-5.5,87,81,2.23,RU,1732906149
290,as sulayyil,20.4607,45.5779,18.24,42,0,4.77,SA,1732906150
291,papao,-17.75,-149.55,28.82,78,100,6.32,PF,1732906151
292,pacific grove,36.6177,-121.9166,16.34,73,100,2.68,US,1732905935
293,garachico,28.7781,-17.7646,22.06,31,0,1.54,ES,1732906154
294,kenai,60.5544,-151.2583,-22.97,84,0,2.57,US,1732906155
295,rach gia,10.0167,105.0833,24.05,72,100,3.88,VN,1732906156
296,nuuk,64.1835,-51.7216,-1.66,80,100,1.03,GL,1732906157
297,yamada,39.4667,141.95,2.06,92,93,2.45,JP,1732906158
298,tocopilla,-22.092,-70.1979,21.6,73,88,6.51,CL,1732906160
299,humberto de campos,-2.5983,-43.4611,30.07,57,94,4.79,BR,1732906162
300,labuan,5.2767,115.2417,25.2,94,20,0.51,MY,1732906164
301,kudahuvadhoo,2.6708,72.8944,28.2,71,87,10.22,MV,1732906165
302,usinsk,65.9939,57.5281,-4.6,94,100,9.16,RU,1732906166
303,belmopan,17.25,-88.7667,30.1,47,0,1.51,BZ,1732906167
304,kotabumi,-4.8333,104.9,25.03,90,100,0.4,ID,1732906169
305,bairnsdale,-37.8333,147.6167,18.36,98,100,0.89,AU,1732906170
306,kuching,1.55,110.3333,26.69,93,40,1.54,MY,1732906172
307,guiping,23.3925,110.0814,14.68,41,54,2.21,CN,1732906173
308,santa elena de uairen,4.6167,-61.1333,23.29,76,70,3.55,VE,1732906175
309,melekeok village,7.4957,134.6367,26.31,94,75,2.57,PW,1732906176
310,prado,-17.3411,-39.2208,27.41,74,100,6.66,BR,1732906177
311,inhambane,-23.865,35.3833,21.79,75,11,5.19,MZ,1732906178
312,flying fish cove,-10.4217,105.6791,27.72,79,100,3.4,CX,1732906179
313,kiruna,67.8557,20.2251,-6.49,58,6,8.23,SE,1732906181
314,suzun,53.7841,82.3116,-4.82,99,95,1.38,RU,1732906182
315,kyren,51.6828,102.1408,-7.59,77,96,0.6,RU,1732906183
316,kenora,49.8167,-94.4337,-10.46,85,75,4.12,CA,1732905889
317,kerikeri,-35.2268,173.9474,15.51,93,99,1.45,NZ,1732906185
318,laguna,38.421,-121.4238,10.69,75,98,0.89,US,1732906186
319,aleksandrovsk-sakhalinskiy,50.8975,142.1561,-1.91,97,100,5.8,RU,1732906188
320,letlhakeng,-24.0944,25.0298,22.78,24,0,2.45,BW,1732906189
321,al bawiti,28.3492,28.8659,14.83,54,0,2.79,EG,1732906190
322,mar del plata,-38.0023,-57.5575,20.53,58,0,5.66,AR,1732906191
323,konosha,60.9736,40.257,-0.02,91,100,4.93,RU,1732906192
324,ploudalmezeau,48.5333,-4.65,13.94,91,100,6.17,FR,1732906194
325,karagay,58.2667,54.9368,-3.71,90,100,4.03,RU,1732906195
326,kristiansund,63.1115,7.732,5.63,93,75,2.57,NO,1732906196
327,vila velha,-20.3297,-40.2925,31.97,77,20,6.69,BR,1732906198
328,bich'vinta,43.1592,40.3378,9.21,69,8,1.02,GE,1732906199
329,demirci,39.0461,28.6589,6.29,68,3,1.36,TR,1732906200
330,yasynuvata,48.1298,37.8594,-0.47,66,9,1.66,UA,1732906202
331,iacu,-12.7672,-40.2117,35.06,29,86,1.46,BR,1732906204
332,prince george,53.9166,-122.753,-1.31,91,100,8.75,CA,1732906171
333,ciudad rio bravo,25.9833,-98.1,14.95,38,100,5.69,MX,1732906206
334,bubaque,11.2833,-15.8333,28.63,61,0,4.99,GW,1732906207
335,kattivakkam,13.2167,80.3167,24.05,99,100,8.9,IN,1732906208
336,homer,59.6425,-151.5483,-6.79,45,0,3.09,US,1732906210
337,stephenville,32.2207,-98.2023,12.36,31,0,3.6,US,1732905638
338,al bardiyah,31.7561,25.0865,16.66,72,0,1.52,LY,1732906212
339,puerto carreno,6.189,-67.4859,34.99,49,20,5.81,CO,1732906213
340,floro,61.5996,5.0328,5.98,93,75,6.69,NO,1732906214
341,amos,48.5669,-78.1162,-3.48,87,100,2.37,CA,1732906215
342,leitchfield,37.48,-86.2939,4.54,56,6,2.24,US,1732906217
343,suzemka,52.3178,34.0689,-5.61,92,61,2.38,RU,1732906218
344,karungdong,5.8844,121.263,27.31,81,81,1.78,PH,1732906219
345,jijel,36.8205,5.7667,14.97,94,0,2.06,DZ,1732906220
346,vilyuysk,63.7553,121.6247,-19.84,96,100,2.99,RU,1732906223
347,vila franca do campo,37.7167,-25.4333,19.23,99,100,7.45,PT,1732905667
348,koszalin,54.1944,16.1722,3.33,83,48,2.57,PL,1732906226
349,saudarkrokur,65.7461,-19.6394,-13.34,75,100,1.29,IS,1732906227
350,hanceville,34.0607,-86.7675,8.42,38,0,5.28,US,1732906228
351,orenburg,51.7727,55.0988,-10.99,68,8,0.81,RU,1732906230
352,longboat key,27.4125,-82.659,24.53,77,100,1.79,US,1732906232
353,whangarei,-35.7317,174.3239,16.69,88,100,1.23,NZ,1732906233
354,nazilli,37.9163,28.3223,11.44,58,7,0.64,TR,1732906236
355,pisco,-13.7,-76.2167,22.23,83,65,4.63,PE,1732905690
356,dwarka,22.2394,68.9678,25.29,50,1,2.82,IN,1732905664
357,palmwoods,-26.6833,152.9667,24.24,99,100,0.42,AU,1732906239
358,shendi,16.6915,33.4341,23.8,23,3,5.48,SD,1732906240
359,harstad,68.799,16.5293,-2.14,92,100,19.22,NO,1732906241
360,nikolayevsk-on-amure,53.1406,140.73,-0.8,98,100,1.98,RU,1732906243
361,benghazi,32.1167,20.0667,20.13,60,6,3.92,LY,1732906244
362,iskushuban,10.2837,50.23,22.87,70,52,4.19,SO,1732906245
363,tuba city,36.135,-111.2399,4.65,45,54,0.45,US,1732906246
364,ulsteinvik,62.3432,5.8487,8.51,82,100,4.02,NO,1732906247
365,parkes,-33.1333,148.1833,19.64,91,100,0.45,AU,1732906249
366,viveiro,43.6623,-7.5934,15.13,83,100,2.32,ES,1732906250
367,port lincoln,-34.7333,135.8667,14.21,87,76,3.28,AU,1732906251
368,port augusta,-32.5,137.7667,17.6,79,0,5.33,AU,1732906252
369,tak,16.5833,98.8333,16.55,84,93,1.72,TH,1732906253
370,hotan,37.0997,79.9269,-0.19,47,65,1.45,CN,1732906254
371,lensk,60.7253,114.9278,-24.79,99,89,2.33,RU,1732906256
372,san ignacio de velasco,-16.3667,-60.95,30.7,55,100,1.5,BO,1732906258
373,kasba tadla,32.5977,-6.2684,22.06,25,99,3.1,MA,1732906259
374,kurumkan,54.3,110.3,-15.39,76,56,1.97,RU,1732906260
375,linton,39.0348,-87.1658,1.04,66,4,7.88,US,1732906261
376,kailua-kona,19.6406,-155.9956,26.42,62,0,2.06,US,1732906262
377,motueka,-41.1333,173.0167,15.05,83,100,1.29,NZ,1732906264
378,manokwari,-0.8667,134.0833,26.89,79,80,2.86,ID,1732906265
379,kirensk,57.7853,108.1119,-21.72,100,98,0.7,RU,1732906266
380,port blair,11.6667,92.75,29.02,74,40,2.06,IN,1732906267
381,luganville,-15.5333,167.1667,26.06,87,15,2.83,VU,1732906268
382,strathmore,51.0501,-113.3852,-15.93,85,100,0.0,CA,1732906270
383,lionel town,17.8101,-77.2406,25.24,88,100,3.44,JM,1732906271
384,wanlaweyn,2.6185,44.8938,26.14,74,19,3.27,SO,1732906272
385,tromso,69.6496,18.957,-0.99,47,75,10.29,NO,1732906273
386,bam,29.106,58.357,14.31,25,0,1.85,IR,1732906274
387,montmagny,48.9734,2.3469,4.8,85,0,3.6,FR,1732906275
388,hirara,24.8,125.2833,16.92,67,75,5.14,JP,1732906277
389,havre,49.5833,0.3333,6.87,65,0,7.2,FR,1732906278
390,zapala,-38.8992,-70.0544,21.85,12,100,4.4,AR,1732906279
391,aykhal,66.0,111.5,-23.23,98,100,4.13,RU,1732906280
392,bargaal,11.2864,51.0773,25.16,72,6,4.51,SO,1732906281
393,agadez,19.75,10.25,16.86,22,0,3.09,NE,1732906283
394,siroki brijeg,43.3833,17.5928,8.51,84,0,3.88,BA,1732906284
395,ataq,14.5377,46.8319,21.21,65,5,3.26,YE,1732906285
396,linhares,-19.3911,-40.0722,32.93,52,86,3.39,BR,1732906286
397,zhigalovo,54.8097,105.1578,-9.78,96,100,1.06,RU,1732906287
398,fort-shevchenko,44.5086,50.263,5.66,66,0,6.65,KZ,1732906289
399,ribeira brava,32.65,-17.0667,21.35,53,100,2.62,PT,1732906291
400,kertih,4.5141,103.4483,24.01,88,100,1.03,MY,1732906293
401,poso,-1.3959,120.7524,26.05,80,30,1.78,ID,1732906294
402,newport,51.5877,-2.9984,11.06,95,100,5.43,GB,1732906295
403,newcastle,-32.9272,151.7765,21.87,98,75,3.09,AU,1732906254
404,carauari,-4.8828,-66.8958,32.91,46,92,0.62,BR,1732906298
405,lycksele,64.5954,18.6735,-7.07,93,98,2.06,SE,1732906299
406,poplar bluff,36.757,-90.3929,5.5,39,0,5.66,US,1732906094
407,sonqor,34.7837,47.6004,1.54,33,0,0.88,IR,1732906301
408,phan rang-thap cham,11.5667,108.9833,22.47,77,100,3.66,VN,1732906302
409,talovskiy,51.1144,40.73,-1.68,88,100,1.47,RU,1732906303
410,lisala,2.15,21.5167,24.94,70,100,0.13,CD,1732906305
411,viedma,-40.8135,-62.9967,21.37,31,6,6.92,AR,1732906306
412,myitkyina,25.3833,97.4,13.65,87,0,0.88,MM,1732906307
413,dongkan,33.9997,119.8308,5.51,51,0,2.12,CN,1732906308
414,shahkot,31.0775,75.3372,17.05,21,100,1.91,IN,1732906309
415,sainte-adele,45.9501,-74.1325,1.01,88,100,3.69,CA,1732906311
416,revda,56.801,59.9303,-7.11,91,4,2.11,RU,1732906312
417,howrah,22.5892,88.3103,24.0,69,75,2.06,IN,1732906313
418,port macquarie,-31.4333,152.9167,21.15,99,100,1.34,AU,1732906024
419,general mosconi,-23.1851,-62.303,34.09,50,98,3.09,AR,1732906315
420,le vauclin,14.5452,-60.8388,28.04,74,83,7.56,MQ,1732906316
421,klaksvik,62.2266,-6.589,7.7,99,100,9.4,FO,1732906318
422,nova sintra,14.8667,-24.7167,25.9,74,7,6.87,CV,1732906319
423,los alamos,35.8881,-106.307,3.54,44,0,1.54,US,1732906320
424,roxas,11.5853,122.7511,25.65,88,85,4.71,PH,1732906321
425,vilyuchinsk,52.9306,158.4028,-1.85,87,100,3.11,RU,1732906322
426,la paz,-16.5,-68.15,17.54,44,75,6.69,BO,1732905806
427,sunne,59.8376,13.143,4.19,97,100,2.1,SE,1732906325
428,ares,-6.1944,-35.1603,28.2,58,70,5.8,BR,1732906327
429,la passe,45.5549,-0.8967,13.46,80,15,2.07,FR,1732906328
430,nogliki,51.8333,143.1667,-0.05,97,100,3.27,RU,1732906329
431,rio preto da eva,-2.6994,-59.6997,39.29,22,3,2.28,BR,1732906331
432,kirakira,-10.4544,161.9205,26.33,88,100,2.05,SB,1732906332
433,east london,-33.0153,27.9116,18.52,72,75,2.06,ZA,1732906333
434,kourou,5.1552,-52.6478,28.1,71,63,3.94,GF,1732906334
435,vi thanh,9.7835,105.4672,22.25,84,100,2.66,VN,1732906335
436,laojunmiao,39.8333,97.7333,-6.15,43,0,3.91,CN,1732906336
437,katsuura,35.1333,140.3,12.03,54,1,13.86,JP,1732906338
438,kupang,-10.1667,123.5833,27.81,80,99,0.53,ID,1732906339
439,sinabang,2.4803,96.3801,26.45,86,100,1.29,ID,1732906340
440,san luis,-33.295,-66.3356,23.29,32,42,7.63,AR,1732906341
441,chos malal,-37.3781,-70.2709,25.32,15,84,1.1,AR,1732906342
442,cozumel,20.5083,-86.9458,28.3,71,0,4.03,MX,1732906190
443,roma,43.2128,-75.4557,4.08,57,75,4.63,US,1732906347
444,ayr,55.4627,-4.6339,9.99,89,75,7.72,GB,1732906348
445,zaozersk,69.4005,32.4476,-3.4,76,0,11.47,RU,1732906349
446,mili,6.0815,171.735,26.54,83,100,7.63,MH,1732906350
447,upper grand lagoon,30.1633,-85.7408,10.08,87,100,5.14,US,1732906351
448,emerald,-23.5333,148.1667,22.9,80,100,3.87,AU,1732906353
449,yeppoon,-23.1333,150.7333,24.14,84,99,2.6,AU,1732906354
450,hadibu,12.65,54.0333,25.71,71,100,5.77,YE,1732906355
451,choma,-16.8065,26.9531,23.1,65,88,3.43,ZM,1732906356
452,jawf al maqbabah,13.8378,45.8349,22.37,69,0,0.95,YE,1732906357
453,namibe,-15.1961,12.1522,22.19,87,100,5.05,AO,1732906358
454,aljezur,37.3191,-8.8033,17.18,91,40,2.54,PT,1732906360
455,armacao de buzios,-22.7469,-41.8817,25.09,95,100,3.02,BR,1732906361
456,nalut,30.3333,10.85,14.21,34,0,0.76,LY,1732906363
457,mount pearl,47.5166,-52.7813,5.18,98,100,12.86,CA,1732906365
458,noyabrsk,63.1994,75.4507,-11.94,90,100,4.15,RU,1732906366
459,porto novo,6.4965,2.6036,28.9,68,56,2.57,BJ,1732906367
460,val-des-monts,45.6501,-75.666,2.34,75,100,5.14,CA,1732906368
461,tan-tan,28.438,-11.1032,28.97,13,0,6.17,MA,1732906369
462,brookings,44.3114,-96.7984,-10.46,68,0,5.14,US,1732906371
463,gonzalez,30.5816,-87.2914,13.08,60,0,7.2,US,1732906373
464,ancud,-41.8697,-73.8203,15.65,61,2,2.29,CL,1732906375
465,katsuren-haebaru,26.3369,127.8719,18.21,55,75,2.57,JP,1732906378
466,bull savanna,17.8868,-77.5902,24.93,82,100,5.74,JM,1732906379
467,pacora,9.0833,-79.2833,30.65,74,20,3.09,PA,1732906380
468,kusatsu,35.0167,135.9667,6.58,75,31,3.98,JP,1732906381
469,oriximina,-1.7656,-55.8661,36.79,30,5,4.23,BR,1732906386
470,daru,-9.0763,143.2092,27.01,87,99,3.61,PG,1732906387
471,tsiombe,-25.3,45.4833,22.41,70,95,2.88,MG,1732906388
472,basco,20.4487,121.9702,22.58,67,100,9.34,PH,1732906390
473,la mira,18.035,-102.3266,28.95,63,0,3.28,MX,1732906391
474,anamosa,42.1083,-91.2852,-5.95,53,0,7.72,US,1732906393
475,maragogi,-9.0122,-35.2225,27.75,60,28,5.12,BR,1732906395
476,anse a galets,18.8317,-72.8642,27.57,75,100,0.68,HT,1732906396
477,celestun,20.8667,-90.4,27.72,61,0,3.21,MX,1732906397
478,muravlenko,63.7898,74.523,-11.34,91,100,4.12,RU,1732906398
479,kedrovka,55.5333,86.05,-4.51,96,100,1.1,RU,1732906399
480,leava,-14.3,-178.1667,27.67,78,84,5.09,WF,1732906401
481,pundong,-7.9522,110.3486,25.37,88,100,1.84,ID,1732906402
482,puerto deseado,-47.7503,-65.8938,17.14,44,56,8.56,AR,1732906403
483,gizo,-8.103,156.8419,28.05,78,100,1.59,SB,1732906404
484,lares,18.2947,-66.8771,29.51,68,100,0.59,PR,1732906405
485,shenjiamen,29.9576,122.298,11.0,51,0,2.19,CN,1732906407
486,guerrero negro,27.9769,-114.0611,23.62,38,100,1.29,MX,1732906408
487,morondava,-20.2833,44.2833,26.02,78,100,3.9,MG,1732906410
488,eyl,7.9803,49.8164,25.94,75,35,8.8,SO,1732906411
489,i-n-salah,27.1935,2.4607,18.89,18,100,5.51,DZ,1732906413
490,nakhon nayok,14.1667,101.1,20.74,69,22,1.7,TH,1732906414
491,north bend,43.4065,-124.2243,5.09,93,40,3.6,US,1732906415
492,quelimane,-17.8786,36.8883,24.97,78,40,7.2,MZ,1732906416
493,vorkuta,67.5,64.0,-5.64,88,100,6.28,RU,1732906417
494,ebon,4.582,168.6964,26.6,85,100,8.33,MH,1732906419
495,gilgit,35.9221,74.3087,4.95,49,100,1.36,PK,1732906420
496,fairmont,39.4851,-80.1426,0.84,74,100,2.24,US,1732906421
497,bayville,40.9106,-73.5621,8.51,57,100,2.24,US,1732906422
498,badr hunayn,23.7829,38.7905,22.59,54,0,1.17,SA,1732906423
499,berdigestyakh,62.0989,126.6992,-21.64,100,100,1.64,RU,1732906426
500,bay roberts,47.5999,-53.2648,6.14,96,100,4.47,CA,1732906427
501,pullman,46.7313,-117.1796,2.22,89,100,3.09,US,1732906428
502,khadan khak,30.7477,67.7085,10.57,63,72,1.93,PK,1732906429
503,marsabit,2.3284,37.9899,22.15,63,22,1.35,KE,1732906433
504,colon,9.3592,-79.9014,29.52,82,83,3.01,PA,1732906434
505,murghob,38.1702,73.9667,-13.21,64,6,1.79,TJ,1732906435
506,lospalos,-8.5186,127.0025,23.92,92,91,1.41,TL,1732906436
507,minas de marcona,-15.2119,-75.1103,21.14,61,100,7.28,PE,1732906438
508,chonchi,-42.6128,-73.8092,17.39,51,6,1.97,CL,1732906440
509,fayetteville,35.0527,-78.8784,13.05,48,0,2.68,US,1732906441
510,atar,20.5169,-13.0499,27.23,15,96,4.59,MR,1732906442
511,taltal,-25.4,-70.4833,19.5,69,27,3.98,CL,1732906443
512,umea,63.8284,20.2597,-6.04,100,100,0.51,SE,1732906444
513,vidalia,32.2177,-82.4135,11.97,66,40,2.57,US,1732906446
514,huicheng,23.0385,116.2899,12.63,63,10,3.15,CN,1732906447
515,akureyri,65.6835,-18.0878,-14.04,78,0,2.06,IS,1732906448
516,st. catharines,43.1668,-79.2496,3.81,55,75,9.77,CA,1732906449
517,bestobe,52.4994,73.0975,-13.56,89,8,3.65,KZ,1732906450
518,antalaha,-14.9003,50.2788,23.98,88,16,0.68,MG,1732906452
519,kamaishi,39.2667,141.8833,3.64,89,90,4.36,JP,1732906453
520,along,28.1667,94.7667,7.69,66,0,0.34,IN,1732906455
521,fang,19.9169,99.2145,16.04,96,55,0.42,TH,1732906456
522,walvis bay,-22.9575,14.5053,16.11,86,0,1.06,NA,1732906457
523,island harbour,50.724,-1.2758,11.12,75,48,4.47,GB,1732906460
524,ashburton,-37.8626,145.0794,20.01,84,100,0.89,AU,1732906461
525,lorengau,-2.0226,147.2712,27.69,75,95,3.67,PG,1732906462
526,jijiga,9.35,42.8,16.28,48,3,3.99,ET,1732906463
527,twon-brass,4.3151,6.2418,28.11,73,100,3.23,NG,1732906465
528,dunedin,-45.8742,170.5036,10.45,70,8,2.68,NZ,1732906466
529,mount gambier,-37.8333,140.7667,15.86,99,100,2.38,AU,1732906467
530,kulhudhuffushi,6.6221,73.07,28.07,76,100,4.82,MV,1732906471
531,bhongir,17.5108,78.8889,22.1,53,100,4.16,IN,1732906472
532,sal rei,16.1833,-22.9167,28.11,61,0,7.2,CV,1732906473
533,monrovia,6.3005,-10.7969,26.94,77,0,3.81,LR,1732906474
534,rustavi,41.5495,44.9932,4.84,75,20,2.57,GE,1732906475
535,general jose de san martin,-26.5374,-59.3416,34.79,43,70,3.72,AR,1732906477
536,nova vicosa,-17.8919,-39.3719,28.52,66,100,6.53,BR,1732906478
537,barcelos,41.5388,-8.6151,14.52,91,100,1.41,PT,1732906479
538,kalevala,65.2,31.1667,-1.71,68,100,4.58,RU,1732906481
539,goondiwindi,-28.55,150.3167,21.59,83,100,5.65,AU,1732906482
540,tarawa,1.419,172.984,28.05,78,20,4.63,KI,1732906483
541,cartagena,10.3997,-75.5144,31.79,70,40,6.69,CO,1732906484
542,san vincenzo,43.0928,10.5408,12.28,65,0,5.95,IT,1732906485
543,rudbar,30.15,62.6,18.58,44,0,3.8,AF,1732906486
544,big rapids,43.6981,-85.4837,-2.96,93,100,3.6,US,1732906491
545,punta del este,-34.9667,-54.95,23.06,87,75,7.2,UY,1732906492
546,priargunsk,50.3691,119.1012,-20.64,97,23,1.94,RU,1732906493
547,ciudad lazaro cardenas,17.9583,-102.2,28.99,63,2,2.99,MX,1732906495
548,cocal,-28.6167,-49.35,23.51,82,100,1.77,BR,1732906496
549,erenhot,43.6475,111.9767,-0.87,57,100,4.41,CN,1732906497
550,chenaran,36.6455,59.1212,3.4,66,0,2.72,IR,1732906498
551,vuktyl,63.8567,57.3094,-4.89,88,100,3.38,RU,1732906499
552,shangqiu,34.45,115.65,6.78,44,3,2.65,CN,1732906502
